record_id,ground_truth_category,split
R00001,normal,evaluation
R00002,normal,train
R00003,normal,evaluation
R00004,normal,evaluation
R00005,normal,train
R00006,normal,train
R00007,normal,evaluation
R00008,normal,train
R00009,normal,train
R00010,normal,train
R00011,normal,evaluation
R00012,normal,evaluation
R00013,normal,train
R00014,normal,train
R00015,normal,train
R00016,normal,train
R00017,normal,train
R00018,normal,evaluation
R00019,normal,train
R00020,normal,train
R00021,normal,train
R00022,normal,train
R00023,normal,train
R00024,normal,train
R00025,normal,train
R00026,normal,train
R00027,normal,train
R00028,normal,train
R00029,normal,train
R00030,normal,train
R00031,normal,train
R00032,normal,train
R00033,normal,evaluation
R00034,normal,train
R00035,normal,evaluation
R00036,normal,evaluation
R00037,normal,train
R00038,normal,train
R00039,normal,train
R00040,normal,train
R00041,normal,train
R00042,normal,train
R00043,normal,train
R00044,normal,evaluation
R00045,normal,train
R00046,normal,train
R00047,normal,train
R00048,normal,evaluation
R00049,normal,train
R00050,normal,train
R00051,normal,train
R00052,normal,evaluation
R00053,normal,train
R00054,normal,train
R00055,normal,train
R00056,normal,train
R00057,normal,train
R00058,normal,train
R00059,normal,train
R00060,ml_multivariate,train
R00061,normal,train
R00062,normal,train
R00063,normal,train
R00064,normal,train
R00065,normal,train
R00066,normal,train
R00067,rule_detectable,train
R00068,normal,evaluation
R00069,normal,train
R00070,normal,train
R00071,normal,evaluation
R00072,normal,train
R00073,normal,train
R00074,normal,train
R00075,normal,train
R00076,normal,train
R00077,normal,evaluation
R00078,normal,train
R00079,normal,train
R00080,normal,train
R00081,normal,train
R00082,normal,train
R00083,normal,train
R00084,normal,train
R00085,normal,train
R00086,normal,train
R00087,normal,train
R00088,normal,train
R00089,normal,evaluation
R00090,normal,train
R00091,normal,train
R00092,normal,evaluation
R00093,normal,train
R00094,normal,evaluation
R00095,normal,train
R00096,normal,train
R00097,normal,evaluation
R00098,normal,train
R00099,normal,evaluation
R00100,normal,train
R00101,normal,train
R00102,normal,train
R00103,normal,train
R00104,normal,train
R00105,normal,train
R00106,normal,evaluation
R00107,rule_detectable,train
R00108,normal,train
R00109,normal,train
R00110,normal,train
R00111,normal,train
R00112,normal,evaluation
R00113,rule_detectable,train
R00114,normal,train
R00115,normal,train
R00116,normal,train
R00117,normal,evaluation
R00118,normal,evaluation
R00119,normal,train
R00120,normal,train
R00121,normal,train
R00122,normal,train
R00123,normal,train
R00124,normal,train
R00125,normal,train
R00126,normal,train
R00127,normal,train
R00128,normal,train
R00129,both_detectable,evaluation
R00130,normal,train
R00131,normal,train
R00132,normal,train
R00133,normal,train
R00134,normal,train
R00135,normal,train
R00136,normal,train
R00137,normal,train
R00138,normal,train
R00139,normal,train
R00140,normal,train
R00141,normal,train
R00142,normal,train
R00143,normal,train
R00144,normal,train
R00145,normal,evaluation
R00146,normal,train
R00147,normal,train
R00148,normal,train
R00149,normal,train
R00150,normal,train
R00151,normal,evaluation
R00152,normal,train
R00153,normal,train
R00154,normal,train
R00155,rule_detectable,train
R00156,normal,train
R00157,normal,train
R00158,normal,train
R00159,normal,train
R00160,rule_detectable,train
R00161,normal,train
R00162,normal,train
R00163,normal,evaluation
R00164,normal,train
R00165,normal,train
R00166,normal,evaluation
R00167,normal,train
R00168,normal,train
R00169,normal,train
R00170,normal,evaluation
R00171,normal,train
R00172,normal,train
R00173,normal,evaluation
R00174,normal,train
R00175,normal,evaluation
R00176,normal,train
R00177,normal,train
R00178,normal,train
R00179,normal,train
R00180,normal,evaluation
R00181,normal,train
R00182,normal,evaluation
R00183,normal,evaluation
R00184,normal,train
R00185,normal,train
R00186,normal,evaluation
R00187,normal,train
R00188,normal,train
R00189,normal,train
R00190,normal,train
R00191,normal,evaluation
R00192,normal,train
R00193,normal,train
R00194,normal,train
R00195,normal,train
R00196,normal,train
R00197,rule_detectable,train
R00198,normal,train
R00199,normal,train
R00200,normal,train
R00201,normal,train
R00202,normal,train
R00203,normal,train
R00204,normal,evaluation
R00205,normal,train
R00206,normal,train
R00207,normal,evaluation
R00208,normal,train
R00209,normal,train
R00210,normal,train
R00211,normal,train
R00212,normal,evaluation
R00213,normal,train
R00214,normal,train
R00215,normal,train
R00216,normal,train
R00217,normal,train
R00218,normal,train
R00219,normal,evaluation
R00220,normal,train
R00221,normal,train
R00222,normal,train
R00223,normal,train
R00224,normal,evaluation
R00225,normal,train
R00226,normal,train
R00227,normal,evaluation
R00228,normal,evaluation
R00229,normal,train
R00230,normal,train
R00231,normal,train
R00232,normal,train
R00233,normal,train
R00234,normal,train
R00235,normal,train
R00236,normal,train
R00237,rule_detectable,train
R00238,normal,train
R00239,normal,evaluation
R00240,normal,train
R00241,normal,evaluation
R00242,normal,train
R00243,ml_multivariate,evaluation
R00244,ml_multivariate,train
R00245,normal,train
R00246,normal,evaluation
R00247,normal,train
R00248,normal,train
R00249,normal,train
R00250,normal,train
R00251,normal,evaluation
R00252,normal,train
R00253,normal,evaluation
R00254,normal,train
R00255,normal,evaluation
R00256,normal,train
R00257,normal,evaluation
R00258,normal,evaluation
R00259,normal,evaluation
R00260,normal,train
R00261,normal,train
R00262,normal,train
R00263,normal,train
R00264,normal,train
R00265,normal,train
R00266,normal,evaluation
R00267,normal,train
R00268,normal,train
R00269,normal,train
R00270,normal,train
R00271,normal,train
R00272,normal,train
R00273,normal,train
R00274,normal,train
R00275,normal,evaluation
R00276,normal,train
R00277,normal,evaluation
R00278,normal,train
R00279,normal,train
R00280,normal,train
R00281,normal,train
R00282,normal,train
R00283,normal,train
R00284,normal,train
R00285,normal,train
R00286,normal,train
R00287,normal,train
R00288,normal,train
R00289,normal,train
R00290,normal,train
R00291,normal,train
R00292,normal,train
R00293,normal,train
R00294,normal,train
R00295,normal,train
R00296,normal,train
R00297,normal,train
R00298,normal,train
R00299,normal,train
R00300,normal,train
R00301,normal,train
R00302,normal,evaluation
R00303,normal,evaluation
R00304,normal,train
R00305,normal,train
R00306,normal,evaluation
R00307,normal,train
R00308,normal,train
R00309,normal,train
R00310,normal,train
R00311,normal,train
R00312,normal,train
R00313,normal,evaluation
R00314,normal,train
R00315,normal,train
R00316,normal,evaluation
R00317,normal,train
R00318,ml_multivariate,train
R00319,normal,train
R00320,rule_detectable,train
R00321,normal,train
R00322,normal,train
R00323,normal,evaluation
R00324,normal,train
R00325,normal,train
R00326,normal,evaluation
R00327,normal,evaluation
R00328,normal,train
R00329,normal,train
R00330,normal,evaluation
R00331,normal,train
R00332,normal,evaluation
R00333,normal,train
R00334,normal,train
R00335,normal,train
R00336,normal,evaluation
R00337,normal,train
R00338,normal,evaluation
R00339,rule_detectable,train
R00340,normal,evaluation
R00341,normal,train
R00342,normal,train
R00343,normal,evaluation
R00344,normal,train
R00345,normal,train
R00346,normal,train
R00347,normal,evaluation
R00348,normal,train
R00349,normal,train
R00350,normal,evaluation
R00351,normal,train
R00352,normal,train
R00353,normal,train
R00354,normal,train
R00355,normal,train
R00356,normal,train
R00357,normal,evaluation
R00358,normal,evaluation
R00359,normal,train
R00360,normal,train
R00361,normal,train
R00362,normal,evaluation
R00363,normal,train
R00364,normal,train
R00365,normal,train
R00366,normal,train
R00367,normal,train
R00368,normal,evaluation
R00369,normal,train
R00370,normal,evaluation
R00371,normal,train
R00372,normal,train
R00373,normal,evaluation
R00374,normal,train
R00375,normal,train
R00376,normal,train
R00377,normal,train
R00378,normal,train
R00379,normal,train
R00380,normal,train
R00381,normal,evaluation
R00382,normal,train
R00383,normal,train
R00384,normal,train
R00385,normal,train
R00386,normal,evaluation
R00387,normal,train
R00388,normal,train
R00389,normal,train
R00390,normal,evaluation
R00391,normal,train
R00392,normal,train
R00393,normal,train
R00394,normal,train
R00395,normal,train
R00396,normal,train
R00397,normal,train
R00398,normal,train
R00399,normal,train
R00400,normal,train
R00401,normal,evaluation
R00402,normal,train
R00403,normal,evaluation
R00404,normal,train
R00405,normal,train
R00406,rule_detectable,train
R00407,normal,train
R00408,normal,evaluation
R00409,normal,train
R00410,normal,train
R00411,normal,train
R00412,normal,train
R00413,normal,train
R00414,normal,train
R00415,normal,train
R00416,ml_multivariate,evaluation
R00417,normal,train
R00418,normal,train
R00419,normal,train
R00420,normal,evaluation
R00421,normal,train
R00422,normal,train
R00423,normal,evaluation
R00424,normal,train
R00425,normal,train
R00426,normal,evaluation
R00427,normal,evaluation
R00428,normal,evaluation
R00429,normal,train
R00430,normal,train
R00431,normal,train
R00432,normal,train
R00433,normal,train
R00434,normal,train
R00435,normal,evaluation
R00436,normal,train
R00437,normal,train
R00438,normal,train
R00439,normal,train
R00440,normal,train
R00441,normal,train
R00442,normal,train
R00443,normal,train
R00444,normal,train
R00445,normal,train
R00446,normal,train
R00447,normal,train
R00448,normal,train
R00449,normal,train
R00450,normal,train
R00451,normal,train
R00452,normal,evaluation
R00453,normal,train
R00454,normal,train
R00455,normal,evaluation
R00456,normal,train
R00457,normal,train
R00458,normal,train
R00459,normal,evaluation
R00460,normal,evaluation
R00461,normal,train
R00462,normal,train
R00463,normal,train
R00464,normal,evaluation
R00465,normal,train
R00466,normal,train
R00467,rule_detectable,train
R00468,normal,train
R00469,normal,train
R00470,normal,train
R00471,ml_multivariate,train
R00472,normal,train
R00473,normal,evaluation
R00474,normal,train
R00475,normal,train
R00476,normal,train
R00477,normal,train
R00478,normal,evaluation
R00479,normal,train
R00480,normal,train
R00481,normal,train
R00482,normal,evaluation
R00483,rule_detectable,train
R00484,normal,train
R00485,normal,evaluation
R00486,normal,train
R00487,normal,train
R00488,normal,train
R00489,normal,train
R00490,normal,train
R00491,normal,evaluation
R00492,normal,train
R00493,both_detectable,train
R00494,normal,train
R00495,normal,train
R00496,normal,train
R00497,normal,train
R00498,normal,train
R00499,normal,train
R00500,normal,evaluation
R00501,normal,train
R00502,normal,train
R00503,normal,evaluation
R00504,normal,train
R00505,rule_detectable,train
R00506,normal,train
R00507,ml_multivariate,train
R00508,normal,train
R00509,normal,evaluation
R00510,normal,train
R00511,normal,train
R00512,normal,evaluation
R00513,normal,train
R00514,normal,train
R00515,normal,train
R00516,both_detectable,train
R00517,normal,evaluation
R00518,normal,train
R00519,normal,train
R00520,normal,evaluation
R00521,normal,evaluation
R00522,normal,train
R00523,normal,train
R00524,normal,train
R00525,normal,train
R00526,normal,train
R00527,normal,train
R00528,normal,evaluation
R00529,normal,train
R00530,normal,train
R00531,normal,train
R00532,normal,train
R00533,normal,train
R00534,normal,train
R00535,normal,train
R00536,ml_multivariate,train
R00537,normal,train
R00538,normal,evaluation
R00539,normal,train
R00540,normal,train
R00541,normal,train
R00542,ml_multivariate,train
R00543,normal,train
R00544,normal,train
R00545,normal,train
R00546,normal,train
R00547,normal,train
R00548,normal,evaluation
R00549,normal,train
R00550,normal,train
R00551,normal,train
R00552,normal,train
R00553,both_detectable,train
R00554,normal,train
R00555,normal,evaluation
R00556,normal,evaluation
R00557,normal,train
R00558,normal,train
R00559,normal,train
R00560,normal,train
R00561,normal,train
R00562,normal,evaluation
R00563,normal,train
R00564,both_detectable,train
R00565,normal,train
R00566,normal,evaluation
R00567,normal,train
R00568,normal,train
R00569,normal,train
R00570,normal,train
R00571,normal,train
R00572,normal,evaluation
R00573,normal,train
R00574,normal,train
R00575,normal,train
R00576,normal,evaluation
R00577,normal,train
R00578,normal,evaluation
R00579,normal,train
R00580,normal,train
R00581,normal,train
R00582,normal,train
R00583,normal,evaluation
R00584,normal,train
R00585,normal,train
R00586,normal,train
R00587,normal,train
R00588,normal,train
R00589,normal,train
R00590,normal,evaluation
R00591,normal,train
R00592,normal,train
R00593,normal,evaluation
R00594,normal,train
R00595,normal,train
R00596,normal,train
R00597,normal,train
R00598,normal,train
R00599,normal,train
R00600,normal,train
R00601,normal,train
R00602,normal,train
R00603,normal,train
R00604,normal,train
R00605,normal,train
R00606,normal,evaluation
R00607,rule_detectable,train
R00608,normal,train
R00609,normal,evaluation
R00610,normal,train
R00611,normal,train
R00612,normal,train
R00613,normal,train
R00614,normal,evaluation
R00615,normal,train
R00616,normal,train
R00617,normal,train
R00618,ml_multivariate,train
R00619,normal,train
R00620,normal,evaluation
R00621,normal,train
R00622,normal,evaluation
R00623,normal,train
R00624,normal,train
R00625,normal,train
R00626,normal,train
R00627,normal,train
R00628,normal,train
R00629,normal,train
R00630,normal,train
R00631,normal,train
R00632,normal,train
R00633,normal,train
R00634,both_detectable,train
R00635,normal,train
R00636,ml_multivariate,evaluation
R00637,normal,train
R00638,normal,train
R00639,normal,train
R00640,normal,train
R00641,normal,train
R00642,normal,evaluation
R00643,normal,train
R00644,normal,evaluation
R00645,normal,train
R00646,normal,train
R00647,normal,train
R00648,normal,train
R00649,normal,train
R00650,normal,train
R00651,normal,train
R00652,normal,train
R00653,normal,train
R00654,normal,train
R00655,normal,train
R00656,normal,train
R00657,normal,train
R00658,both_detectable,train
R00659,normal,train
R00660,normal,train
R00661,normal,train
R00662,normal,evaluation
R00663,normal,train
R00664,normal,train
R00665,normal,train
R00666,normal,train
R00667,normal,train
R00668,normal,train
R00669,normal,train
R00670,normal,train
R00671,normal,evaluation
R00672,normal,train
R00673,normal,train
R00674,normal,train
R00675,normal,train
R00676,normal,train
R00677,normal,train
R00678,normal,train
R00679,normal,train
R00680,normal,train
R00681,normal,train
R00682,normal,train
R00683,normal,evaluation
R00684,normal,train
R00685,normal,train
R00686,normal,train
R00687,normal,train
R00688,normal,train
R00689,normal,train
R00690,normal,train
R00691,normal,train
R00692,normal,train
R00693,normal,train
R00694,normal,train
R00695,normal,train
R00696,normal,train
R00697,normal,train
R00698,normal,evaluation
R00699,normal,train
R00700,normal,train
R00701,normal,train
R00702,normal,train
R00703,normal,train
R00704,normal,train
R00705,normal,evaluation
R00706,normal,evaluation
R00707,normal,train
R00708,normal,train
R00709,normal,train
R00710,normal,evaluation
R00711,normal,train
R00712,normal,evaluation
R00713,normal,train
R00714,normal,train
R00715,normal,evaluation
R00716,normal,train
R00717,normal,train
R00718,normal,train
R00719,normal,train
R00720,normal,train
R00721,normal,train
R00722,normal,train
R00723,normal,train
R00724,normal,train
R00725,normal,train
R00726,normal,train
R00727,normal,train
R00728,normal,train
R00729,normal,evaluation
R00730,normal,train
R00731,normal,train
R00732,normal,train
R00733,normal,train
R00734,ml_multivariate,train
R00735,normal,train
R00736,normal,train
R00737,normal,train
R00738,normal,evaluation
R00739,normal,train
R00740,normal,train
R00741,normal,evaluation
R00742,normal,evaluation
R00743,normal,train
R00744,normal,train
R00745,normal,train
R00746,normal,train
R00747,normal,train
R00748,normal,train
R00749,normal,train
R00750,normal,train
R00751,normal,train
R00752,normal,evaluation
R00753,normal,evaluation
R00754,normal,train
R00755,normal,train
R00756,normal,train
R00757,normal,train
R00758,normal,train
R00759,normal,train
R00760,normal,train
R00761,normal,train
R00762,normal,train
R00763,normal,train
R00764,normal,evaluation
R00765,normal,train
R00766,rule_detectable,train
R00767,normal,train
R00768,normal,train
R00769,normal,train
R00770,normal,train
R00771,normal,train
R00772,normal,evaluation
R00773,both_detectable,train
R00774,normal,train
R00775,normal,evaluation
R00776,normal,train
R00777,normal,train
R00778,normal,evaluation
R00779,normal,train
R00780,normal,train
R00781,normal,evaluation
R00782,normal,evaluation
R00783,normal,train
R00784,ml_multivariate,train
R00785,normal,train
R00786,normal,train
R00787,normal,train
R00788,normal,evaluation
R00789,normal,train
R00790,normal,train
R00791,normal,evaluation
R00792,normal,train
R00793,normal,train
R00794,normal,train
R00795,normal,train
R00796,normal,train
R00797,normal,train
R00798,normal,train
R00799,normal,train
R00800,normal,evaluation
R00801,normal,evaluation
R00802,normal,evaluation
R00803,normal,train
R00804,normal,train
R00805,normal,train
R00806,normal,train
R00807,normal,train
R00808,normal,train
R00809,normal,train
R00810,normal,train
R00811,normal,evaluation
R00812,normal,train
R00813,normal,train
R00814,normal,train
R00815,normal,train
R00816,normal,evaluation
R00817,normal,train
R00818,both_detectable,train
R00819,normal,train
R00820,normal,evaluation
R00821,normal,train
R00822,normal,evaluation
R00823,normal,train
R00824,normal,train
R00825,normal,train
R00826,normal,train
R00827,normal,train
R00828,normal,train
R00829,normal,train
R00830,normal,train
R00831,normal,evaluation
R00832,normal,train
R00833,normal,train
R00834,normal,train
R00835,normal,train
R00836,normal,train
R00837,normal,train
R00838,normal,evaluation
R00839,normal,train
R00840,normal,train
R00841,normal,train
R00842,normal,train
R00843,normal,train
R00844,normal,train
R00845,normal,evaluation
R00846,normal,train
R00847,normal,train
R00848,normal,train
R00849,normal,evaluation
R00850,normal,train
R00851,normal,train
R00852,normal,train
R00853,normal,evaluation
R00854,normal,train
R00855,normal,train
R00856,normal,train
R00857,normal,train
R00858,normal,train
R00859,normal,train
R00860,normal,train
R00861,normal,evaluation
R00862,normal,evaluation
R00863,rule_detectable,train
R00864,normal,evaluation
R00865,normal,train
R00866,normal,train
R00867,normal,train
R00868,ml_multivariate,train
R00869,normal,train
R00870,normal,train
R00871,normal,train
R00872,normal,train
R00873,normal,train
R00874,normal,train
R00875,rule_detectable,evaluation
R00876,normal,evaluation
R00877,normal,train
R00878,normal,train
R00879,normal,train
R00880,normal,evaluation
R00881,normal,train
R00882,normal,evaluation
R00883,normal,evaluation
R00884,normal,evaluation
R00885,normal,train
R00886,normal,train
R00887,normal,train
R00888,normal,train
R00889,normal,evaluation
R00890,normal,train
R00891,normal,evaluation
R00892,normal,train
R00893,normal,train
R00894,normal,evaluation
R00895,normal,train
R00896,normal,evaluation
R00897,normal,train
R00898,normal,evaluation
R00899,normal,train
R00900,normal,train
R00901,normal,train
R00902,normal,evaluation
R00903,normal,train
R00904,normal,train
R00905,normal,evaluation
R00906,normal,evaluation
R00907,rule_detectable,train
R00908,normal,evaluation
R00909,normal,evaluation
R00910,normal,train
R00911,normal,train
R00912,normal,evaluation
R00913,normal,evaluation
R00914,normal,train
R00915,normal,train
R00916,rule_detectable,train
R00917,normal,train
R00918,normal,train
R00919,normal,train
R00920,normal,evaluation
R00921,normal,train
R00922,normal,train
R00923,normal,train
R00924,normal,train
R00925,normal,train
R00926,normal,evaluation
R00927,normal,train
R00928,normal,train
R00929,normal,train
R00930,normal,evaluation
R00931,normal,evaluation
R00932,normal,train
R00933,normal,train
R00934,normal,train
R00935,normal,evaluation
R00936,normal,train
R00937,normal,train
R00938,normal,train
R00939,normal,train
R00940,normal,evaluation
R00941,normal,train
R00942,normal,train
R00943,normal,train
R00944,both_detectable,train
R00945,normal,train
R00946,normal,train
R00947,normal,train
R00948,normal,train
R00949,normal,evaluation
R00950,normal,evaluation
R00951,normal,train
R00952,normal,train
R00953,normal,train
R00954,normal,train
R00955,normal,train
R00956,normal,train
R00957,normal,train
R00958,normal,train
R00959,normal,train
R00960,normal,train
R00961,both_detectable,train
R00962,normal,train
R00963,normal,train
R00964,normal,evaluation
R00965,normal,train
R00966,normal,train
R00967,normal,train
R00968,normal,evaluation
R00969,normal,train
R00970,normal,evaluation
R00971,both_detectable,train
R00972,normal,train
R00973,normal,evaluation
R00974,normal,train
R00975,normal,train
R00976,normal,train
R00977,normal,evaluation
R00978,normal,train
R00979,ml_multivariate,train
R00980,ml_multivariate,train
R00981,normal,train
R00982,normal,train
R00983,normal,train
R00984,normal,train
R00985,normal,train
R00986,normal,evaluation
R00987,normal,train
R00988,normal,train
R00989,normal,train
R00990,normal,train
R00991,normal,train
R00992,normal,train
R00993,normal,train
R00994,normal,train
R00995,normal,train
R00996,normal,train
R00997,normal,train
R00998,normal,train
R00999,normal,train
R01000,normal,train
R01001,normal,evaluation
R01002,normal,evaluation
R01003,normal,train
R01004,normal,train
R01005,normal,train
R01006,normal,train
R01007,normal,train
R01008,normal,train
R01009,normal,evaluation
R01010,normal,train
R01011,normal,evaluation
R01012,normal,train
R01013,normal,train
R01014,normal,train
R01015,normal,train
R01016,normal,train
R01017,normal,evaluation
R01018,normal,evaluation
R01019,normal,train
R01020,normal,evaluation
R01021,normal,train
R01022,normal,evaluation
R01023,normal,train
R01024,normal,evaluation
R01025,normal,evaluation
R01026,normal,train
R01027,normal,train
R01028,normal,train
R01029,normal,evaluation
R01030,normal,train
R01031,normal,evaluation
R01032,normal,train
R01033,normal,train
R01034,normal,evaluation
R01035,both_detectable,train
R01036,both_detectable,train
R01037,normal,train
R01038,normal,train
R01039,normal,train
R01040,normal,train
R01041,normal,train
R01042,normal,train
R01043,normal,train
R01044,normal,train
R01045,normal,train
R01046,normal,evaluation
R01047,normal,train
R01048,normal,train
R01049,normal,train
R01050,normal,train
R01051,normal,train
R01052,normal,train
R01053,normal,evaluation
R01054,normal,evaluation
R01055,normal,train
R01056,normal,train
R01057,normal,train
R01058,normal,train
R01059,normal,train
R01060,normal,train
R01061,normal,train
R01062,normal,train
R01063,normal,train
R01064,normal,train
R01065,normal,train
R01066,normal,train
R01067,normal,train
R01068,normal,train
R01069,ml_multivariate,train
R01070,normal,train
R01071,normal,train
R01072,normal,train
R01073,normal,train
R01074,normal,evaluation
R01075,normal,train
R01076,normal,train
R01077,normal,train
R01078,normal,train
R01079,normal,train
R01080,normal,train
R01081,normal,train
R01082,normal,train
R01083,normal,evaluation
R01084,normal,train
R01085,normal,evaluation
R01086,normal,evaluation
R01087,normal,train
R01088,normal,train
R01089,normal,train
R01090,normal,train
R01091,normal,train
R01092,normal,train
R01093,normal,train
R01094,normal,train
R01095,normal,train
R01096,normal,train
R01097,normal,evaluation
R01098,rule_detectable,evaluation
R01099,normal,evaluation
R01100,normal,train
R01101,normal,evaluation
R01102,normal,train
R01103,normal,train
R01104,normal,train
R01105,normal,train
R01106,normal,train
R01107,normal,train
R01108,normal,evaluation
R01109,normal,train
R01110,normal,train
R01111,normal,train
R01112,normal,train
R01113,normal,train
R01114,normal,evaluation
R01115,normal,train
R01116,normal,train
R01117,normal,train
R01118,rule_detectable,train
R01119,normal,train
R01120,normal,train
R01121,normal,train
R01122,normal,train
R01123,ml_multivariate,train
R01124,normal,train
R01125,normal,evaluation
R01126,normal,train
R01127,rule_detectable,train
R01128,normal,train
R01129,normal,train
R01130,normal,train
R01131,rule_detectable,train
R01132,normal,train
R01133,normal,train
R01134,normal,train
R01135,normal,train
R01136,ml_multivariate,train
R01137,normal,train
R01138,normal,train
R01139,normal,train
R01140,normal,train
R01141,normal,train
R01142,normal,train
R01143,normal,evaluation
R01144,normal,train
R01145,normal,train
R01146,normal,train
R01147,normal,train
R01148,normal,train
R01149,normal,evaluation
R01150,normal,evaluation
R01151,normal,train
R01152,normal,evaluation
R01153,normal,train
R01154,normal,evaluation
R01155,normal,train
R01156,normal,evaluation
R01157,normal,train
R01158,normal,evaluation
R01159,normal,train
R01160,normal,evaluation
R01161,normal,train
R01162,normal,train
R01163,normal,train
R01164,normal,evaluation
R01165,normal,train
R01166,both_detectable,train
R01167,normal,train
R01168,normal,train
R01169,normal,train
R01170,normal,train
R01171,normal,evaluation
R01172,normal,train
R01173,normal,train
R01174,normal,train
R01175,rule_detectable,train
R01176,normal,evaluation
R01177,normal,train
R01178,normal,evaluation
R01179,normal,train
R01180,normal,evaluation
R01181,normal,train
R01182,normal,train
R01183,normal,train
R01184,normal,train
R01185,normal,train
R01186,normal,train
R01187,normal,evaluation
R01188,normal,evaluation
R01189,normal,train
R01190,normal,train
R01191,normal,train
R01192,ml_multivariate,train
R01193,both_detectable,train
R01194,rule_detectable,train
R01195,normal,evaluation
R01196,normal,train
R01197,normal,train
R01198,normal,train
R01199,normal,train
R01200,normal,train
R01201,normal,train
R01202,normal,evaluation
R01203,normal,train
R01204,normal,train
R01205,normal,train
R01206,both_detectable,evaluation
R01207,normal,train
R01208,normal,train
R01209,normal,train
R01210,normal,train
R01211,normal,train
R01212,normal,train
R01213,ml_multivariate,train
R01214,normal,train
R01215,normal,train
R01216,normal,train
R01217,normal,train
R01218,normal,train
R01219,normal,train
R01220,normal,train
R01221,normal,train
R01222,normal,train
R01223,normal,evaluation
R01224,normal,train
R01225,normal,evaluation
R01226,normal,train
R01227,normal,train
R01228,normal,evaluation
R01229,both_detectable,evaluation
R01230,normal,train
R01231,normal,train
R01232,normal,train
R01233,normal,train
R01234,normal,train
R01235,normal,train
R01236,normal,train
R01237,normal,train
R01238,normal,evaluation
R01239,normal,train
R01240,normal,train
R01241,normal,train
R01242,normal,evaluation
R01243,normal,train
R01244,normal,train
R01245,normal,evaluation
R01246,normal,evaluation
R01247,normal,train
R01248,normal,train
R01249,normal,train
R01250,normal,evaluation
R01251,normal,train
R01252,both_detectable,train
R01253,normal,train
R01254,normal,train
R01255,normal,evaluation
R01256,both_detectable,train
R01257,normal,train
R01258,normal,train
R01259,normal,train
R01260,normal,train
R01261,normal,evaluation
R01262,normal,train
R01263,normal,train
R01264,normal,train
R01265,normal,evaluation
R01266,normal,train
R01267,normal,train
R01268,normal,train
R01269,both_detectable,evaluation
R01270,normal,train
R01271,normal,train
R01272,normal,train
R01273,normal,evaluation
R01274,normal,train
R01275,normal,train
R01276,normal,evaluation
R01277,normal,train
R01278,normal,train
R01279,ml_multivariate,evaluation
R01280,normal,train
R01281,normal,train
R01282,normal,train
R01283,normal,train
R01284,normal,evaluation
R01285,normal,train
R01286,normal,train
R01287,normal,train
R01288,normal,train
R01289,normal,train
R01290,normal,train
R01291,normal,train
R01292,normal,train
R01293,normal,train
R01294,normal,train
R01295,normal,train
R01296,normal,train
R01297,normal,train
R01298,normal,train
R01299,normal,train
R01300,normal,train
R01301,normal,train
R01302,normal,train
R01303,normal,train
R01304,normal,train
R01305,normal,evaluation
R01306,normal,train
R01307,normal,train
R01308,normal,train
R01309,both_detectable,train
R01310,normal,train
R01311,normal,train
R01312,normal,evaluation
R01313,normal,train
R01314,normal,train
R01315,normal,train
R01316,normal,train
R01317,normal,train
R01318,normal,train
R01319,normal,train
R01320,normal,train
R01321,normal,train
R01322,normal,train
R01323,normal,train
R01324,normal,train
R01325,normal,train
R01326,normal,train
R01327,normal,train
R01328,normal,train
R01329,normal,train
R01330,normal,train
R01331,normal,train
R01332,normal,train
R01333,normal,train
R01334,normal,train
R01335,normal,train
R01336,normal,train
R01337,normal,train
R01338,normal,train
R01339,normal,evaluation
R01340,normal,train
R01341,normal,train
R01342,normal,train
R01343,normal,train
R01344,normal,train
R01345,normal,train
R01346,normal,train
R01347,normal,evaluation
R01348,normal,train
R01349,normal,evaluation
R01350,normal,train
R01351,normal,train
R01352,normal,train
R01353,rule_detectable,train
R01354,normal,train
R01355,normal,train
R01356,normal,train
R01357,normal,train
R01358,normal,train
R01359,normal,train
R01360,normal,train
R01361,normal,evaluation
R01362,normal,train
R01363,normal,train
R01364,normal,train
R01365,normal,train
R01366,normal,train
R01367,normal,evaluation
R01368,normal,train
R01369,normal,train
R01370,normal,train
R01371,normal,train
R01372,normal,train
R01373,normal,evaluation
R01374,normal,train
R01375,normal,train
R01376,rule_detectable,train
R01377,normal,train
R01378,normal,train
R01379,normal,train
R01380,normal,train
R01381,normal,train
R01382,normal,train
R01383,ml_multivariate,train
R01384,normal,evaluation
R01385,normal,evaluation
R01386,normal,train
R01387,normal,evaluation
R01388,normal,train
R01389,normal,train
R01390,normal,train
R01391,normal,train
R01392,normal,evaluation
R01393,normal,train
R01394,rule_detectable,train
R01395,normal,train
R01396,normal,train
R01397,normal,train
R01398,normal,train
R01399,normal,train
R01400,normal,evaluation
R01401,normal,train
R01402,normal,train
R01403,normal,train
R01404,normal,train
R01405,normal,train
R01406,normal,train
R01407,normal,train
R01408,normal,train
R01409,normal,train
R01410,normal,train
R01411,normal,train
R01412,normal,train
R01413,normal,train
R01414,normal,train
R01415,normal,train
R01416,normal,evaluation
R01417,normal,train
R01418,normal,train
R01419,normal,train
R01420,normal,train
R01421,normal,train
R01422,normal,train
R01423,normal,evaluation
R01424,normal,train
R01425,normal,train
R01426,normal,evaluation
R01427,normal,train
R01428,normal,evaluation
R01429,normal,train
R01430,normal,train
R01431,normal,train
R01432,normal,train
R01433,normal,train
R01434,normal,train
R01435,normal,evaluation
R01436,normal,train
R01437,normal,train
R01438,normal,train
R01439,normal,train
R01440,normal,train
R01441,normal,train
R01442,normal,train
R01443,normal,train
R01444,normal,train
R01445,normal,train
R01446,normal,evaluation
R01447,normal,train
R01448,normal,evaluation
R01449,normal,train
R01450,normal,train
R01451,normal,train
R01452,normal,evaluation
R01453,normal,train
R01454,rule_detectable,evaluation
R01455,normal,train
R01456,ml_multivariate,train
R01457,normal,train
R01458,rule_detectable,train
R01459,normal,train
R01460,normal,train
R01461,normal,train
R01462,normal,evaluation
R01463,ml_multivariate,evaluation
R01464,normal,train
R01465,normal,train
R01466,ml_multivariate,train
R01467,normal,evaluation
R01468,normal,train
R01469,normal,train
R01470,normal,evaluation
R01471,normal,evaluation
R01472,normal,train
R01473,normal,train
R01474,normal,train
R01475,normal,train
R01476,normal,evaluation
R01477,both_detectable,train
R01478,normal,train
R01479,normal,evaluation
R01480,normal,train
R01481,normal,train
R01482,normal,train
R01483,normal,train
R01484,normal,train
R01485,normal,evaluation
R01486,normal,train
R01487,normal,train
R01488,normal,evaluation
R01489,normal,train
R01490,normal,train
R01491,normal,train
R01492,normal,train
R01493,normal,train
R01494,normal,train
R01495,normal,evaluation
R01496,normal,train
R01497,normal,train
R01498,normal,evaluation
R01499,normal,train
R01500,normal,train
R01501,normal,evaluation
R01502,normal,train
R01503,normal,train
R01504,normal,train
R01505,normal,train
R01506,normal,train
R01507,normal,train
R01508,normal,evaluation
R01509,normal,train
R01510,normal,evaluation
R01511,normal,train
R01512,normal,train
R01513,normal,train
R01514,normal,evaluation
R01515,normal,train
R01516,normal,train
R01517,normal,train
R01518,normal,evaluation
R01519,normal,evaluation
R01520,normal,train
R01521,normal,train
R01522,ml_multivariate,train
R01523,normal,train
R01524,normal,train
R01525,normal,train
R01526,normal,train
R01527,normal,train
R01528,normal,train
R01529,normal,train
R01530,normal,train
R01531,normal,train
R01532,normal,train
R01533,normal,train
R01534,normal,train
R01535,normal,train
R01536,normal,train
R01537,normal,evaluation
R01538,normal,train
R01539,normal,train
R01540,normal,train
R01541,normal,evaluation
R01542,normal,train
R01543,normal,train
R01544,normal,evaluation
R01545,normal,train
R01546,normal,train
R01547,normal,train
R01548,normal,train
R01549,normal,evaluation
R01550,normal,train
R01551,normal,train
R01552,rule_detectable,train
R01553,normal,train
R01554,normal,evaluation
R01555,normal,train
R01556,normal,train
R01557,normal,train
R01558,normal,train
R01559,normal,train
R01560,normal,train
R01561,ml_multivariate,train
R01562,normal,train
R01563,normal,train
R01564,normal,train
R01565,normal,train
R01566,normal,train
R01567,normal,train
R01568,normal,train
R01569,normal,train
R01570,normal,train
R01571,normal,evaluation
R01572,normal,train
R01573,normal,train
R01574,normal,evaluation
R01575,normal,evaluation
R01576,normal,train
R01577,normal,train
R01578,normal,train
R01579,normal,train
R01580,ml_multivariate,train
R01581,normal,train
R01582,normal,evaluation
R01583,normal,train
R01584,normal,train
R01585,normal,train
R01586,normal,evaluation
R01587,normal,train
R01588,normal,train
R01589,normal,train
R01590,normal,train
R01591,normal,train
R01592,normal,train
R01593,rule_detectable,train
R01594,normal,evaluation
R01595,normal,train
R01596,normal,train
R01597,normal,evaluation
R01598,normal,evaluation
R01599,normal,train
R01600,normal,train
R01601,normal,train
R01602,normal,train
R01603,normal,train
R01604,normal,train
R01605,normal,train
R01606,normal,train
R01607,normal,train
R01608,normal,evaluation
R01609,normal,train
R01610,normal,train
R01611,normal,train
R01612,normal,train
R01613,normal,train
R01614,normal,train
R01615,normal,evaluation
R01616,normal,train
R01617,normal,train
R01618,both_detectable,train
R01619,normal,train
R01620,normal,evaluation
R01621,normal,train
R01622,normal,train
R01623,normal,train
R01624,normal,train
R01625,normal,train
R01626,normal,train
R01627,normal,train
R01628,normal,evaluation
R01629,normal,train
R01630,ml_multivariate,train
R01631,normal,train
R01632,rule_detectable,train
R01633,normal,train
R01634,normal,train
R01635,normal,train
R01636,normal,evaluation
R01637,normal,train
R01638,normal,train
R01639,normal,train
R01640,normal,train
R01641,normal,train
R01642,normal,train
R01643,normal,train
R01644,normal,train
R01645,rule_detectable,train
R01646,normal,train
R01647,normal,train
R01648,normal,train
R01649,normal,train
R01650,normal,train
R01651,normal,evaluation
R01652,normal,train
R01653,normal,train
R01654,normal,train
R01655,normal,train
R01656,normal,train
R01657,normal,evaluation
R01658,normal,train
R01659,normal,train
R01660,normal,train
R01661,rule_detectable,evaluation
R01662,normal,train
R01663,normal,train
R01664,normal,train
R01665,normal,train
R01666,normal,train
R01667,normal,train
R01668,normal,train
R01669,normal,train
R01670,normal,train
R01671,normal,train
R01672,normal,train
R01673,normal,train
R01674,normal,train
R01675,normal,train
R01676,normal,evaluation
R01677,normal,train
R01678,normal,train
R01679,normal,evaluation
R01680,normal,evaluation
R01681,normal,train
R01682,normal,evaluation
R01683,normal,train
R01684,normal,train
R01685,normal,train
R01686,normal,evaluation
R01687,normal,train
R01688,normal,train
R01689,normal,train
R01690,normal,evaluation
R01691,normal,train
R01692,normal,train
R01693,normal,train
R01694,rule_detectable,evaluation
R01695,normal,train
R01696,normal,train
R01697,normal,train
R01698,normal,train
R01699,normal,evaluation
R01700,normal,train
R01701,normal,train
R01702,normal,train
R01703,normal,train
R01704,normal,evaluation
R01705,normal,train
R01706,normal,train
R01707,normal,evaluation
R01708,normal,train
R01709,normal,evaluation
R01710,normal,train
R01711,normal,train
R01712,normal,train
R01713,normal,train
R01714,normal,train
R01715,normal,train
R01716,normal,evaluation
R01717,normal,evaluation
R01718,ml_multivariate,evaluation
R01719,normal,train
R01720,normal,evaluation
R01721,normal,train
R01722,normal,train
R01723,normal,train
R01724,normal,evaluation
R01725,normal,train
R01726,normal,train
R01727,normal,train
R01728,normal,train
R01729,normal,train
R01730,normal,evaluation
R01731,normal,train
R01732,normal,train
R01733,normal,train
R01734,normal,train
R01735,normal,train
R01736,normal,train
R01737,normal,train
R01738,normal,train
R01739,normal,train
R01740,normal,train
R01741,normal,evaluation
R01742,normal,train
R01743,normal,train
R01744,normal,evaluation
R01745,normal,evaluation
R01746,normal,train
R01747,normal,train
R01748,normal,train
R01749,normal,train
R01750,normal,train
R01751,normal,train
R01752,normal,train
R01753,normal,train
R01754,normal,train
R01755,normal,train
R01756,normal,train
R01757,normal,evaluation
R01758,normal,train
R01759,normal,train
R01760,normal,train
R01761,normal,train
R01762,normal,train
R01763,normal,evaluation
R01764,normal,train
R01765,normal,train
R01766,normal,train
R01767,normal,train
R01768,normal,train
R01769,normal,evaluation
R01770,normal,train
R01771,normal,evaluation
R01772,normal,train
R01773,normal,train
R01774,normal,train
R01775,normal,train
R01776,normal,train
R01777,normal,train
R01778,normal,train
R01779,normal,train
R01780,normal,train
R01781,normal,train
R01782,normal,train
R01783,normal,train
R01784,normal,evaluation
R01785,normal,train
R01786,normal,evaluation
R01787,normal,train
R01788,normal,train
R01789,normal,train
R01790,normal,train
R01791,normal,train
R01792,normal,train
R01793,normal,train
R01794,normal,train
R01795,normal,train
R01796,normal,train
R01797,normal,evaluation
R01798,normal,train
R01799,normal,train
R01800,normal,train
R01801,normal,train
R01802,normal,evaluation
R01803,normal,train
R01804,normal,train
R01805,ml_multivariate,evaluation
R01806,normal,train
R01807,normal,train
R01808,normal,train
R01809,normal,train
R01810,normal,evaluation
R01811,normal,train
R01812,normal,evaluation
R01813,normal,train
R01814,normal,train
R01815,normal,evaluation
R01816,normal,train
R01817,normal,evaluation
R01818,normal,train
R01819,normal,train
R01820,normal,evaluation
R01821,normal,train
R01822,normal,train
R01823,normal,train
R01824,normal,train
R01825,normal,evaluation
R01826,normal,train
R01827,normal,evaluation
R01828,normal,evaluation
R01829,normal,train
R01830,normal,train
R01831,normal,train
R01832,normal,train
R01833,normal,train
R01834,normal,train
R01835,normal,train
R01836,normal,evaluation
R01837,normal,train
R01838,normal,evaluation
R01839,normal,train
R01840,normal,train
R01841,normal,train
R01842,normal,train
R01843,normal,train
R01844,normal,train
R01845,normal,train
R01846,normal,train
R01847,normal,train
R01848,normal,train
R01849,normal,evaluation
R01850,normal,evaluation
R01851,normal,train
R01852,normal,train
R01853,normal,train
R01854,both_detectable,train
R01855,normal,train
R01856,normal,train
R01857,normal,train
R01858,normal,train
R01859,normal,train
R01860,normal,train
R01861,normal,train
R01862,normal,train
R01863,normal,evaluation
R01864,both_detectable,train
R01865,normal,train
R01866,normal,evaluation
R01867,normal,train
R01868,normal,train
R01869,normal,train
R01870,normal,train
R01871,normal,train
R01872,normal,evaluation
R01873,normal,train
R01874,normal,train
R01875,normal,train
R01876,normal,train
R01877,normal,train
R01878,normal,train
R01879,normal,evaluation
R01880,rule_detectable,train
R01881,normal,train
R01882,normal,evaluation
R01883,rule_detectable,evaluation
R01884,normal,evaluation
R01885,normal,train
R01886,normal,train
R01887,normal,train
R01888,normal,train
R01889,normal,train
R01890,rule_detectable,evaluation
R01891,normal,train
R01892,normal,train
R01893,normal,train
R01894,normal,train
R01895,normal,train
R01896,normal,train
R01897,normal,evaluation
R01898,normal,train
R01899,normal,train
R01900,normal,train
R01901,normal,train
R01902,normal,evaluation
R01903,normal,train
R01904,normal,train
R01905,normal,train
R01906,normal,train
R01907,normal,train
R01908,normal,train
R01909,normal,train
R01910,normal,evaluation
R01911,normal,train
R01912,normal,evaluation
R01913,normal,train
R01914,normal,train
R01915,normal,train
R01916,rule_detectable,train
R01917,normal,evaluation
R01918,normal,train
R01919,normal,train
R01920,normal,train
R01921,normal,evaluation
R01922,normal,train
R01923,normal,train
R01924,normal,train
R01925,normal,train
R01926,normal,evaluation
R01927,normal,evaluation
R01928,normal,evaluation
R01929,normal,train
R01930,normal,train
R01931,normal,evaluation
R01932,rule_detectable,train
R01933,normal,train
R01934,normal,train
R01935,normal,train
R01936,normal,train
R01937,normal,train
R01938,normal,train
R01939,normal,evaluation
R01940,normal,train
R01941,normal,train
R01942,normal,evaluation
R01943,normal,train
R01944,normal,train
R01945,normal,train
R01946,normal,train
R01947,normal,train
R01948,normal,train
R01949,normal,train
R01950,normal,evaluation
R01951,normal,train
R01952,normal,train
R01953,normal,evaluation
R01954,normal,train
R01955,normal,train
R01956,normal,train
R01957,normal,evaluation
R01958,normal,train
R01959,normal,train
R01960,normal,train
R01961,normal,train
R01962,normal,train
R01963,normal,train
R01964,normal,train
R01965,normal,train
R01966,normal,train
R01967,normal,train
R01968,normal,train
R01969,normal,train
R01970,normal,train
R01971,normal,train
R01972,normal,evaluation
R01973,normal,train
R01974,normal,train
R01975,normal,train
R01976,normal,evaluation
R01977,normal,train
R01978,normal,train
R01979,normal,evaluation
R01980,normal,train
R01981,normal,train
R01982,normal,train
R01983,normal,train
R01984,normal,train
R01985,normal,train
R01986,normal,evaluation
R01987,normal,train
R01988,normal,evaluation
R01989,normal,train
R01990,normal,train
R01991,normal,evaluation
R01992,normal,train
R01993,normal,train
R01994,normal,evaluation
R01995,normal,train
R01996,normal,train
R01997,normal,train
R01998,normal,train
R01999,normal,train
R02000,normal,train
R02001,both_detectable,train
R02002,normal,evaluation
R02003,normal,train
R02004,normal,train
R02005,normal,train
R02006,normal,train
R02007,normal,train
R02008,normal,train
R02009,normal,train
R02010,normal,train
R02011,normal,train
R02012,normal,evaluation
R02013,normal,train
R02014,normal,train
R02015,normal,train
R02016,normal,train
R02017,normal,train
R02018,normal,train
R02019,normal,evaluation
R02020,normal,train
R02021,normal,train
R02022,normal,train
R02023,normal,evaluation
R02024,ml_multivariate,train
R02025,normal,train
R02026,normal,train
R02027,ml_multivariate,train
R02028,rule_detectable,evaluation
R02029,normal,train
R02030,normal,train
R02031,normal,train
R02032,normal,train
R02033,rule_detectable,train
R02034,normal,evaluation
R02035,normal,train
R02036,normal,train
R02037,normal,train
R02038,rule_detectable,evaluation
R02039,normal,train
R02040,normal,train
R02041,normal,train
R02042,normal,train
R02043,normal,train
R02044,normal,evaluation
R02045,normal,train
R02046,normal,train
R02047,normal,train
R02048,rule_detectable,train
R02049,normal,train
R02050,normal,evaluation
R02051,normal,train
R02052,normal,train
R02053,normal,train
R02054,normal,train
R02055,normal,train
R02056,normal,train
R02057,normal,train
R02058,normal,train
R02059,normal,train
R02060,normal,evaluation
R02061,normal,train
R02062,normal,train
R02063,normal,train
R02064,normal,train
R02065,normal,train
R02066,normal,evaluation
R02067,normal,train
R02068,normal,train
R02069,normal,train
R02070,normal,train
R02071,normal,train
R02072,normal,train
R02073,normal,evaluation
R02074,normal,train
R02075,normal,train
R02076,normal,train
R02077,normal,train
R02078,normal,train
R02079,normal,train
R02080,normal,train
R02081,normal,train
R02082,normal,train
R02083,normal,train
R02084,normal,train
R02085,normal,train
R02086,normal,train
R02087,normal,evaluation
R02088,normal,train
R02089,normal,evaluation
R02090,normal,train
R02091,normal,train
R02092,normal,train
R02093,normal,evaluation
R02094,normal,train
R02095,normal,train
R02096,normal,train
R02097,normal,train
R02098,normal,train
R02099,normal,evaluation
R02100,normal,train
R02101,normal,train
R02102,normal,train
R02103,normal,train
R02104,normal,train
R02105,normal,evaluation
R02106,normal,train
R02107,normal,train
R02108,normal,train
R02109,normal,train
R02110,normal,train
R02111,normal,evaluation
R02112,rule_detectable,train
R02113,normal,train
R02114,normal,train
R02115,normal,train
R02116,normal,train
R02117,normal,train
R02118,normal,train
R02119,normal,train
R02120,normal,train
R02121,rule_detectable,train
R02122,normal,train
R02123,normal,train
R02124,normal,evaluation
R02125,rule_detectable,train
R02126,normal,train
R02127,normal,train
R02128,normal,train
R02129,normal,train
R02130,normal,train
R02131,normal,evaluation
R02132,normal,evaluation
R02133,normal,train
R02134,normal,evaluation
R02135,normal,train
R02136,normal,train
R02137,normal,evaluation
R02138,normal,train
R02139,normal,train
R02140,normal,train
R02141,normal,evaluation
R02142,normal,train
R02143,normal,evaluation
R02144,normal,train
R02145,normal,train
R02146,normal,train
R02147,normal,train
R02148,normal,train
R02149,normal,evaluation
R02150,normal,train
R02151,normal,train
R02152,normal,evaluation
R02153,normal,train
R02154,normal,train
R02155,normal,train
R02156,normal,evaluation
R02157,normal,train
R02158,normal,train
R02159,normal,train
R02160,ml_multivariate,train
R02161,normal,train
R02162,normal,train
R02163,normal,train
R02164,normal,train
R02165,normal,train
R02166,normal,evaluation
R02167,normal,train
R02168,normal,train
R02169,normal,train
R02170,normal,train
R02171,normal,train
R02172,normal,train
R02173,normal,train
R02174,normal,train
R02175,normal,train
R02176,normal,train
R02177,normal,train
R02178,normal,train
R02179,normal,evaluation
R02180,normal,evaluation
R02181,normal,train
R02182,normal,train
R02183,normal,train
R02184,normal,train
R02185,normal,train
R02186,rule_detectable,train
R02187,normal,train
R02188,normal,train
R02189,normal,train
R02190,normal,train
R02191,normal,train
R02192,normal,train
R02193,normal,train
R02194,normal,train
R02195,normal,train
R02196,normal,train
R02197,normal,train
R02198,normal,train
R02199,ml_multivariate,train
R02200,normal,evaluation
R02201,normal,train
R02202,normal,evaluation
R02203,normal,train
R02204,ml_multivariate,train
R02205,normal,train
R02206,normal,train
R02207,ml_multivariate,train
R02208,normal,train
R02209,normal,evaluation
R02210,normal,train
R02211,normal,train
R02212,normal,evaluation
R02213,normal,train
R02214,normal,train
R02215,normal,train
R02216,normal,train
R02217,normal,train
R02218,normal,train
R02219,normal,train
R02220,normal,train
R02221,normal,train
R02222,normal,train
R02223,normal,train
R02224,normal,train
R02225,normal,train
R02226,normal,train
R02227,normal,train
R02228,normal,train
R02229,normal,train
R02230,normal,train
R02231,normal,evaluation
R02232,normal,train
R02233,normal,train
R02234,normal,train
R02235,normal,evaluation
R02236,normal,train
R02237,normal,evaluation
R02238,normal,train
R02239,normal,train
R02240,normal,train
R02241,normal,train
R02242,normal,train
R02243,normal,evaluation
R02244,normal,train
R02245,both_detectable,evaluation
R02246,normal,train
R02247,normal,train
R02248,normal,train
R02249,normal,train
R02250,rule_detectable,train
R02251,normal,evaluation
R02252,normal,train
R02253,normal,train
R02254,normal,evaluation
R02255,normal,train
R02256,normal,train
R02257,normal,evaluation
R02258,normal,train
R02259,normal,train
R02260,normal,evaluation
R02261,normal,train
R02262,normal,train
R02263,normal,train
R02264,normal,train
R02265,normal,evaluation
R02266,normal,train
R02267,normal,train
R02268,normal,evaluation
R02269,normal,train
R02270,normal,train
R02271,normal,train
R02272,normal,train
R02273,normal,train
R02274,normal,train
R02275,normal,train
R02276,normal,train
R02277,normal,evaluation
R02278,normal,train
R02279,both_detectable,train
R02280,normal,train
R02281,normal,train
R02282,normal,train
R02283,normal,train
R02284,normal,train
R02285,normal,train
R02286,normal,train
R02287,normal,train
R02288,normal,evaluation
R02289,normal,train
R02290,normal,evaluation
R02291,normal,train
R02292,normal,train
R02293,normal,train
R02294,normal,evaluation
R02295,normal,train
R02296,normal,train
R02297,normal,train
R02298,normal,evaluation
R02299,normal,train
R02300,normal,train
R02301,ml_multivariate,train
R02302,normal,evaluation
R02303,normal,evaluation
R02304,normal,train
R02305,normal,evaluation
R02306,normal,train
R02307,normal,train
R02308,normal,train
R02309,normal,train
R02310,normal,train
R02311,normal,train
R02312,normal,evaluation
R02313,normal,evaluation
R02314,normal,train
R02315,normal,train
R02316,normal,train
R02317,normal,train
R02318,normal,train
R02319,normal,train
R02320,normal,train
R02321,normal,train
R02322,normal,train
R02323,normal,train
R02324,normal,train
R02325,normal,evaluation
R02326,normal,train
R02327,normal,train
R02328,normal,train
R02329,normal,train
R02330,normal,train
R02331,normal,train
R02332,normal,train
R02333,normal,train
R02334,normal,evaluation
R02335,normal,train
R02336,normal,train
R02337,normal,train
R02338,normal,evaluation
R02339,normal,train
R02340,normal,train
R02341,normal,train
R02342,normal,evaluation
R02343,normal,train
R02344,normal,train
R02345,normal,train
R02346,normal,train
R02347,normal,train
R02348,normal,train
R02349,normal,train
R02350,normal,train
R02351,normal,train
R02352,normal,train
R02353,normal,train
R02354,normal,train
R02355,normal,evaluation
R02356,normal,evaluation
R02357,normal,evaluation
R02358,normal,train
R02359,normal,train
R02360,normal,evaluation
R02361,normal,train
R02362,normal,train
R02363,normal,evaluation
R02364,normal,train
R02365,normal,train
R02366,normal,train
R02367,normal,train
R02368,normal,train
R02369,normal,train
R02370,normal,evaluation
R02371,normal,train
R02372,normal,train
R02373,normal,train
R02374,normal,evaluation
R02375,normal,train
R02376,normal,train
R02377,normal,evaluation
R02378,normal,train
R02379,normal,train
R02380,normal,train
R02381,normal,train
R02382,normal,train
R02383,normal,train
R02384,normal,train
R02385,normal,train
R02386,normal,evaluation
R02387,normal,train
R02388,normal,train
R02389,normal,train
R02390,normal,train
R02391,normal,evaluation
R02392,normal,train
R02393,normal,train
R02394,normal,train
R02395,normal,train
R02396,both_detectable,evaluation
R02397,both_detectable,train
R02398,normal,train
R02399,normal,evaluation
R02400,normal,train
R02401,normal,train
R02402,normal,evaluation
R02403,normal,train
R02404,normal,train
R02405,normal,train
R02406,normal,train
R02407,normal,train
R02408,normal,train
R02409,normal,train
R02410,normal,evaluation
R02411,normal,evaluation
R02412,normal,evaluation
R02413,normal,train
R02414,normal,train
R02415,normal,evaluation
R02416,normal,train
R02417,normal,train
R02418,normal,train
R02419,normal,train
R02420,normal,train
R02421,normal,train
R02422,normal,train
R02423,normal,evaluation
R02424,normal,train
R02425,normal,train
R02426,normal,train
R02427,normal,train
R02428,ml_multivariate,train
R02429,normal,train
R02430,normal,train
R02431,normal,evaluation
R02432,normal,train
R02433,normal,train
R02434,normal,train
R02435,normal,train
R02436,normal,train
R02437,normal,evaluation
R02438,normal,train
R02439,normal,train
R02440,normal,evaluation
R02441,normal,train
R02442,normal,train
R02443,normal,train
R02444,normal,train
R02445,normal,train
R02446,normal,evaluation
R02447,normal,train
R02448,normal,train
R02449,normal,train
R02450,normal,train
R02451,normal,train
R02452,normal,train
R02453,rule_detectable,train
R02454,normal,train
R02455,normal,train
R02456,normal,train
R02457,normal,train
R02458,normal,train
R02459,normal,train
R02460,normal,train
R02461,normal,train
R02462,normal,train
R02463,normal,evaluation
R02464,normal,train
R02465,normal,train
R02466,normal,train
R02467,normal,evaluation
R02468,normal,train
R02469,normal,evaluation
R02470,ml_multivariate,evaluation
R02471,normal,evaluation
R02472,ml_multivariate,train
R02473,normal,train
R02474,normal,train
R02475,normal,train
R02476,normal,evaluation
R02477,normal,train
R02478,normal,train
R02479,normal,evaluation
R02480,normal,train
R02481,normal,train
R02482,normal,evaluation
R02483,normal,train
R02484,normal,train
R02485,normal,evaluation
R02486,normal,train
R02487,rule_detectable,evaluation
R02488,normal,evaluation
R02489,normal,train
R02490,normal,train
R02491,normal,train
R02492,normal,train
R02493,normal,train
R02494,normal,train
R02495,normal,train
R02496,normal,train
R02497,normal,evaluation
R02498,normal,evaluation
R02499,normal,train
R02500,normal,train
R02501,normal,train
R02502,normal,train
R02503,normal,train
R02504,normal,evaluation
R02505,normal,train
R02506,normal,train
R02507,normal,train
R02508,normal,train
R02509,normal,train
R02510,normal,train
R02511,normal,train
R02512,both_detectable,train
R02513,normal,evaluation
R02514,normal,evaluation
R02515,normal,train
R02516,normal,train
R02517,normal,train
R02518,normal,evaluation
R02519,normal,evaluation
R02520,normal,train
R02521,normal,evaluation
R02522,normal,train
R02523,normal,train
R02524,normal,train
R02525,normal,train
R02526,normal,train
R02527,normal,train
R02528,normal,evaluation
R02529,normal,train
R02530,normal,evaluation
R02531,normal,train
R02532,normal,train
R02533,normal,train
R02534,normal,train
R02535,normal,train
R02536,normal,train
R02537,normal,evaluation
R02538,normal,evaluation
R02539,normal,evaluation
R02540,normal,train
R02541,normal,evaluation
R02542,normal,train
R02543,normal,train
R02544,normal,train
R02545,normal,train
R02546,normal,train
R02547,normal,train
R02548,normal,train
R02549,normal,train
R02550,normal,train
R02551,normal,train
R02552,normal,train
R02553,normal,train
R02554,normal,evaluation
R02555,normal,train
R02556,normal,train
R02557,normal,train
R02558,normal,train
R02559,normal,train
R02560,normal,train
R02561,normal,train
R02562,normal,train
R02563,normal,train
R02564,normal,train
R02565,normal,evaluation
R02566,normal,evaluation
R02567,normal,train
R02568,normal,train
R02569,normal,train
R02570,normal,evaluation
R02571,normal,train
R02572,normal,train
R02573,normal,train
R02574,normal,train
R02575,normal,train
R02576,normal,evaluation
R02577,normal,train
R02578,normal,train
R02579,normal,train
R02580,normal,train
R02581,normal,train
R02582,normal,evaluation
R02583,normal,evaluation
R02584,normal,evaluation
R02585,normal,train
R02586,normal,train
R02587,normal,train
R02588,normal,evaluation
R02589,normal,train
R02590,normal,train
R02591,rule_detectable,train
R02592,normal,train
R02593,normal,train
R02594,normal,train
R02595,normal,evaluation
R02596,normal,evaluation
R02597,normal,train
R02598,normal,train
R02599,normal,evaluation
R02600,normal,train
R02601,normal,train
R02602,normal,train
R02603,normal,train
R02604,normal,evaluation
R02605,normal,evaluation
R02606,normal,train
R02607,normal,train
R02608,ml_multivariate,train
R02609,normal,train
R02610,normal,train
R02611,both_detectable,train
R02612,normal,train
R02613,normal,train
R02614,normal,evaluation
R02615,normal,train
R02616,normal,evaluation
R02617,normal,train
R02618,normal,train
R02619,normal,train
R02620,normal,train
R02621,normal,train
R02622,normal,train
R02623,normal,evaluation
R02624,normal,train
R02625,normal,train
R02626,normal,train
R02627,normal,train
R02628,normal,evaluation
R02629,normal,train
R02630,normal,evaluation
R02631,normal,train
R02632,normal,train
R02633,normal,train
R02634,normal,train
R02635,normal,train
R02636,normal,train
R02637,normal,train
R02638,normal,train
R02639,normal,evaluation
R02640,normal,train
R02641,normal,train
R02642,normal,train
R02643,normal,train
R02644,normal,train
R02645,rule_detectable,train
R02646,normal,evaluation
R02647,normal,train
R02648,normal,train
R02649,normal,train
R02650,normal,train
R02651,normal,train
R02652,both_detectable,train
R02653,normal,train
R02654,normal,train
R02655,normal,train
R02656,normal,evaluation
R02657,normal,train
R02658,normal,train
R02659,normal,train
R02660,normal,train
R02661,normal,evaluation
R02662,normal,train
R02663,normal,train
R02664,normal,train
R02665,normal,train
R02666,normal,train
R02667,normal,train
R02668,normal,train
R02669,normal,train
R02670,normal,train
R02671,normal,train
R02672,normal,train
R02673,normal,train
R02674,normal,train
R02675,normal,evaluation
R02676,normal,evaluation
R02677,normal,train
R02678,normal,train
R02679,normal,evaluation
R02680,normal,train
R02681,normal,train
R02682,normal,evaluation
R02683,normal,train
R02684,normal,train
R02685,normal,train
R02686,rule_detectable,evaluation
R02687,normal,train
R02688,both_detectable,evaluation
R02689,normal,evaluation
R02690,normal,train
R02691,normal,train
R02692,normal,train
R02693,normal,train
R02694,normal,train
R02695,normal,train
R02696,normal,train
R02697,normal,train
R02698,normal,train
R02699,normal,train
R02700,normal,train
R02701,normal,evaluation
R02702,normal,train
R02703,normal,train
R02704,normal,evaluation
R02705,rule_detectable,train
R02706,normal,train
R02707,normal,train
R02708,normal,evaluation
R02709,normal,train
R02710,normal,train
R02711,normal,evaluation
R02712,normal,train
R02713,normal,train
R02714,normal,train
R02715,normal,train
R02716,normal,evaluation
R02717,normal,train
R02718,normal,train
R02719,normal,train
R02720,normal,train
R02721,normal,train
R02722,normal,evaluation
R02723,normal,train
R02724,normal,train
R02725,normal,train
R02726,normal,train
R02727,normal,train
R02728,normal,train
R02729,normal,train
R02730,normal,train
R02731,normal,train
R02732,both_detectable,evaluation
R02733,normal,train
R02734,normal,train
R02735,normal,evaluation
R02736,normal,evaluation
R02737,normal,train
R02738,normal,train
R02739,normal,train
R02740,normal,train
R02741,normal,train
R02742,normal,train
R02743,normal,train
R02744,normal,evaluation
R02745,normal,train
R02746,normal,train
R02747,normal,train
R02748,normal,train
R02749,normal,train
R02750,normal,train
R02751,normal,evaluation
R02752,normal,train
R02753,normal,evaluation
R02754,normal,evaluation
R02755,normal,train
R02756,normal,train
R02757,normal,train
R02758,normal,train
R02759,normal,train
R02760,normal,train
R02761,normal,evaluation
R02762,normal,train
R02763,normal,train
R02764,normal,train
R02765,normal,train
R02766,normal,train
R02767,normal,train
R02768,normal,train
R02769,normal,train
R02770,normal,train
R02771,normal,train
R02772,normal,train
R02773,normal,train
R02774,normal,evaluation
R02775,normal,train
R02776,normal,train
R02777,normal,train
R02778,normal,train
R02779,normal,train
R02780,normal,train
R02781,normal,train
R02782,normal,train
R02783,normal,train
R02784,normal,evaluation
R02785,ml_multivariate,train
R02786,normal,train
R02787,normal,evaluation
R02788,ml_multivariate,train
R02789,normal,evaluation
R02790,normal,train
R02791,ml_multivariate,train
R02792,normal,train
R02793,normal,train
R02794,normal,train
R02795,normal,train
R02796,normal,train
R02797,normal,train
R02798,normal,train
R02799,normal,train
R02800,normal,train
R02801,normal,evaluation
R02802,normal,train
R02803,normal,train
R02804,normal,train
R02805,normal,evaluation
R02806,normal,train
R02807,normal,train
R02808,normal,train
R02809,normal,evaluation
R02810,normal,train
R02811,normal,train
R02812,normal,train
R02813,normal,evaluation
R02814,normal,train
R02815,both_detectable,train
R02816,normal,train
R02817,normal,train
R02818,normal,train
R02819,normal,evaluation
R02820,normal,train
R02821,normal,evaluation
R02822,normal,train
R02823,normal,train
R02824,normal,train
R02825,normal,evaluation
R02826,rule_detectable,train
R02827,normal,train
R02828,normal,train
R02829,normal,train
R02830,normal,train
R02831,normal,train
R02832,normal,train
R02833,normal,train
R02834,normal,train
R02835,normal,train
R02836,normal,evaluation
R02837,normal,train
R02838,ml_multivariate,train
R02839,normal,train
R02840,normal,train
R02841,normal,evaluation
R02842,normal,train
R02843,normal,train
R02844,normal,train
R02845,normal,train
R02846,normal,evaluation
R02847,normal,train
R02848,normal,train
R02849,normal,evaluation
R02850,normal,evaluation
R02851,normal,train
R02852,ml_multivariate,evaluation
R02853,normal,evaluation
R02854,normal,train
R02855,both_detectable,train
R02856,normal,train
R02857,normal,train
R02858,normal,train
R02859,normal,evaluation
R02860,both_detectable,train
R02861,normal,train
R02862,normal,train
R02863,normal,train
R02864,normal,train
R02865,normal,train
R02866,normal,train
R02867,normal,train
R02868,normal,train
R02869,normal,train
R02870,normal,evaluation
R02871,normal,evaluation
R02872,normal,train
R02873,normal,train
R02874,normal,train
R02875,normal,evaluation
R02876,normal,evaluation
R02877,normal,evaluation
R02878,normal,train
R02879,normal,train
R02880,normal,train
R02881,normal,train
R02882,normal,train
R02883,normal,train
R02884,normal,train
R02885,normal,train
R02886,both_detectable,train
R02887,normal,train
R02888,normal,evaluation
R02889,normal,train
R02890,normal,evaluation
R02891,normal,evaluation
R02892,normal,train
R02893,normal,evaluation
R02894,normal,evaluation
R02895,normal,train
R02896,normal,train
R02897,normal,evaluation
R02898,normal,train
R02899,normal,evaluation
R02900,rule_detectable,train
R02901,normal,train
R02902,normal,train
R02903,normal,train
R02904,normal,train
R02905,normal,train
R02906,normal,train
R02907,normal,train
R02908,normal,train
R02909,normal,train
R02910,normal,evaluation
R02911,normal,train
R02912,normal,train
R02913,normal,train
R02914,normal,train
R02915,rule_detectable,train
R02916,normal,train
R02917,ml_multivariate,evaluation
R02918,normal,evaluation
R02919,normal,evaluation
R02920,normal,train
R02921,normal,evaluation
R02922,normal,train
R02923,normal,train
R02924,normal,train
R02925,normal,train
R02926,normal,train
R02927,normal,train
R02928,normal,train
R02929,normal,train
R02930,normal,evaluation
R02931,normal,train
R02932,normal,train
R02933,normal,train
R02934,normal,train
R02935,normal,evaluation
R02936,normal,train
R02937,normal,train
R02938,normal,train
R02939,normal,train
R02940,normal,evaluation
R02941,normal,train
R02942,normal,train
R02943,normal,train
R02944,normal,evaluation
R02945,normal,train
R02946,normal,evaluation
R02947,normal,train
R02948,normal,train
R02949,normal,train
R02950,normal,evaluation
R02951,normal,train
R02952,normal,train
R02953,normal,train
R02954,normal,train
R02955,normal,train
R02956,normal,train
R02957,normal,train
R02958,normal,train
R02959,ml_multivariate,train
R02960,normal,train
R02961,normal,evaluation
R02962,normal,evaluation
R02963,normal,train
R02964,normal,train
R02965,normal,train
R02966,normal,evaluation
R02967,normal,train
R02968,normal,evaluation
R02969,normal,train
R02970,normal,train
R02971,normal,train
R02972,normal,evaluation
R02973,normal,train
R02974,normal,train
R02975,normal,train
R02976,normal,train
R02977,normal,train
R02978,rule_detectable,evaluation
R02979,normal,evaluation
R02980,normal,evaluation
R02981,normal,train
R02982,normal,train
R02983,normal,evaluation
R02984,normal,train
R02985,normal,train
R02986,normal,evaluation
R02987,normal,train
R02988,normal,evaluation
R02989,normal,evaluation
R02990,normal,train
R02991,normal,train
R02992,normal,train
R02993,normal,train
R02994,normal,train
R02995,normal,train
R02996,normal,evaluation
R02997,normal,train
R02998,normal,train
R02999,normal,train
R03000,normal,train
